[
    {
      "category": "Pipes & Cisterns",
      "questions": [
        {
          "question": "A pipe can fill a tank in 4 hours. How long will it take to fill half the tank?",
          "options": ["1 hour", "2 hours", "3 hours", "4 hours"],
          "correctAnswer": 1
        },
        {
          "question": "Pipe A can fill a tank in 5 hours, while pipe B can empty it in 8 hours. If both pipes are opened, how long will it take to fill the tank?",
          "options": ["10 hours", "13.33 hours", "20 hours", "40 hours"],
          "correctAnswer": 1
        },
        {
          "question": "A tank has three pipes. Pipe A can fill it in 12 hours, pipe B in 15 hours, and pipe C can empty it in 20 hours. If all pipes are opened simultaneously, how long will it take to fill the tank?",
          "options": ["5 hours", "6 hours", "7 hours", "8 hours"],
          "correctAnswer": 2
        },
        {
          "question": "Two pipes can fill a tank in 10 hours and 12 hours respectively. A third pipe can empty the tank in 15 hours. If all pipes are opened simultaneously, in how many hours will the tank be filled?",
          "options": ["5 hours", "6 hours", "7 hours", "8 hours"],
          "correctAnswer": 1
        },
        {
          "question": "A tank is filled in 5 hours by three pipes A, B and C. When opened separately, C is found to take 30 hours more than A and 20 hours more than B to fill the tank. How long does B take to fill the tank?",
          "options": ["10 hours", "15 hours", "20 hours", "25 hours"],
          "correctAnswer": 1
        },
        {
          "question": "Two pipes A and B can fill a cistern in 37.5 minutes and 45 minutes respectively. Both pipes are opened. The cistern will be filled in:",
          "options": ["15 minutes", "20 minutes", "25 minutes", "30 minutes"],
          "correctAnswer": 1
        },
        {
          "question": "A cistern has a leak which would empty the cistern in 8 hours. A tap is turned on which admits 6 liters a minute into the cistern, and it is emptied in 12 hours. How many liters does the cistern hold?",
          "options": ["2880 liters", "3456 liters", "4032 liters", "4608 liters"],
          "correctAnswer": 2
        },
        {
          "question": "Three pipes A, B and C can fill a tank in 6 hours. After working at it together for 2 hours, C is closed and A and B can fill the remaining part in 7 hours. The number of hours taken by C alone to fill the tank is:",
          "options": ["10 hours", "12 hours", "14 hours", "16 hours"],
          "correctAnswer": 2
        },
        {
          "question": "Two pipes can fill a tank in 15 minutes and 20 minutes respectively. Both the pipes are opened together but after 4 minutes the first pipe is turned off. How much time will it take to fill the tank?",
          "options": ["10 minutes", "11 minutes", "12 minutes", "13 minutes"],
          "correctAnswer": 2
        },
        {
          "question": "A tank is normally filled in 8 hours but takes 2 hours longer to fill because of a leak in its bottom. If the tank is full, the leak will empty it in:",
          "options": ["20 hours", "28 hours", "36 hours", "40 hours"],
          "correctAnswer": 3
        }
      ]
    },
    {
      "category": "Problems on age",
      "questions": [
        {
          "question": "Five years ago, John's age was half of what it will be in 10 years. How old is John now?",
          "options": ["10 years", "15 years", "20 years", "25 years"],
          "correctAnswer": "20 years"
        },
        {
          "question": "A father is 30 years older than his son. In 5 years, the father will be three times as old as his son. What is the son's current age?",
          "options": ["5 years", "10 years", "15 years", "20 years"],
          "correctAnswer": "10 years"
        },
        {
          "question": "The present age of a mother is three times that of her daughter. After 5 years, the mother will be 2.5 times as old as her daughter. What is the daughter's present age?",
          "options": ["5 years", "10 years", "15 years", "20 years"],
          "correctAnswer": "10 years"
        },
        {
          "question": "The sum of the present ages of a father and his son is 60 years. Five years ago, the father's age was four times that of his son. What is the father's present age?",
          "options": ["40 years", "50 years", "35 years", "45 years"],
          "correctAnswer": "40 years"
        },
        {
          "question": "A man is 24 years older than his son. In two years, his age will be twice the age of his son. What is the son's current age?",
          "options": ["20 years", "22 years", "24 years", "26 years"],
          "correctAnswer": "20 years"
        },
        {
          "question": "A man is three times as old as his son. After 12 years, the man will be twice as old as his son. What is the son's current age?",
          "options": ["12 years", "14 years", "16 years", "18 years"],
          "correctAnswer": "12 years"
        },
        {
          "question": "The sum of the ages of a mother and daughter is 50 years. 10 years ago, the mother was three times as old as her daughter. What is the mother's current age?",
          "options": ["30 years", "35 years", "40 years", "45 years"],
          "correctAnswer": "40 years"
        },
        {
          "question": "Two years ago, a mother was five times as old as her son. After 8 years, she will be twice as old as her son. What is the son's current age?",
          "options": ["8 years", "10 years", "12 years", "14 years"],
          "correctAnswer": "10 years"
        },
        {
          "question": "The ages of two persons differ by 16 years. If 6 years ago, the elder one was 3 times as old as the younger one, what is the present age of the younger person?",
          "options": ["10 years", "12 years", "14 years", "16 years"],
          "correctAnswer": "12 years"
        },
        {
          "question": "A man said to his son,  \"I was twice your present age when you were born.\" If the man is 48 years old now, how old is the son?",
          "options": ["18 years", "20 years", "22 years", "24 years"],
          "correctAnswer": "24 years"
        }
      ]
    },
    {
      "category": "Probability",
      "questions": [
        {
          "question": "What is the probability of getting a head when flipping a coin?",
          "options": ["1/2", "1/3", "1/4", "2/3"],
          "correctAnswer": "1/2"
        },
        {
          "question": "What is the probability of getting a 3 when rolling a fair die?",
          "options": ["1/2", "1/3", "1/6", "1/4"],
          "correctAnswer": "1/6"
        },
        {
          "question": "What is the probability of drawing a red card from a standard deck of cards?",
          "options": ["1/2", "1/4", "1/3", "2/3"],
          "correctAnswer": "1/2"
        },
        {
          "question": "If two dice are rolled, what is the probability of getting a sum of 7?",
          "options": ["1/6", "5/36", "1/12", "1/3"],
          "correctAnswer": "1/6"
        },
        {
          "question": "What is the probability of drawing an Ace from a standard deck of cards?",
          "options": ["1/13", "1/26", "1/52", "1/4"],
          "correctAnswer": "1/13"
        },
        {
          "question": "A bag contains 3 red and 5 black balls. What is the probability of picking a black ball?",
          "options": ["5/8", "3/8", "1/2", "1/3"],
          "correctAnswer": "5/8"
        },
        {
          "question": "What is the probability of not getting a 6 when rolling a fair die?",
          "options": ["1/6", "5/6", "2/3", "1/3"],
          "correctAnswer": "5/6"
        },
        {
          "question": "A box contains 10 bulbs, 3 of which are defective. If a bulb is drawn at random, what is the probability that it is not defective?",
          "options": ["7/10", "3/10", "1/2", "5/10"],
          "correctAnswer": "7/10"
        },
        {
          "question": "What is the probability of drawing a king or a queen from a deck of cards?",
          "options": ["1/13", "2/13", "3/52", "1/26"],
          "correctAnswer": "2/13"
        },
        {
          "question": "What is the probability of selecting a prime number from numbers 1 to 10?",
          "options": ["1/2", "2/5", "3/5", "4/5"],
          "correctAnswer": "3/5"
        }
      ]
    },
    {
      "category": "Profit and Loss",
      "questions": [
        {
          "question": "A trader buys goods for $600 and sells them for $750. What is his profit percentage?",
          "options": ["20%", "25%", "30%", "40%"],
          "correctAnswer": "25%"
        },
        {
          "question": "If a product is sold at a loss of 10%, what is the selling price if the cost price is $500?",
          "options": ["$450", "$475", "$500", "$425"],
          "correctAnswer": "$450"
        },
        {
          "question": "If the cost price of 15 items is equal to the selling price of 12 items, what is the profit percentage?",
          "options": ["20%", "25%", "30%", "15%"],
          "correctAnswer": "25%"
        },
        {
          "question": "A shopkeeper sells a product at 15% profit. If the cost price of the product is $200, what is the selling price?",
          "options": ["$215", "$225", "$230", "$240"],
          "correctAnswer": "$230"
        },
        {
          "question": "If the selling price of a product is $400 and the profit is 20%, what is the cost price?",
          "options": ["$320", "$330", "$340", "$350"],
          "correctAnswer": "$333.33"
        },
        {
          "question": "A product is sold at 10% profit. If the selling price is $550, what is the cost price?",
          "options": ["$500", "$505", "$510", "$515"],
          "correctAnswer": "$500"
        },
        {
          "question": "A product costs $500, and after selling it at a loss of 8%, what is the selling price?",
          "options": ["$460", "$465", "$470", "$480"],
          "correctAnswer": "$460"
        },
        {
          "question": "If an article is sold for $630 at a profit of 5%, what is the cost price?",
          "options": ["$600", "$595", "$585", "$575"],
          "correctAnswer": "$600"
        },
        {
          "question": "A product is bought for $120 and sold at a loss of 5%. What is the selling price?",
          "options": ["$110", "$114", "$115", "$108"],
          "correctAnswer": "$114"
        },
        {
          "question": "A product is sold for $840 after gaining 20%. What is the cost price?",
          "options": ["$700", "$720", "$750", "$800"],
          "correctAnswer": "$700"
        }
      ]
    }
]
